trade_id,strategy_name,symbol,direction,entry_time,exit_time,pnl_R,pnl_usd,session,regime,regime_snapshot_id,structure_state,volatility_state,orderflow_state,macro_state,oi_state,cvd_state,funding_state,coinbase_premium_state,etf_flow_state,setup_type,original_regime_snapshot_id,original_oi_state,original_funding_state,original_orderflow_state,original_etf_flow_state,original_macro_state
TV_1,ETH_BTP,ETHUSDT,short,2025-02-14 05:00:00,2025-02-14 09:00:00,-0.47525,-95.05,Asia,unknown,unknown_20250214,unknown,unknown,unknown,neutral,unknown,unknown,unknown,unknown,unknown,Short-C,unknown,unknown,unknown,unknown,unknown,unknown
TV_2,ETH_BTP,ETHUSDT,short,2025-03-01 03:30:00,2025-03-01 07:30:00,0.5874,117.48,weekend,unknown,unknown_20250301,unknown,unknown,unknown,neutral,unknown,unknown,unknown,unknown,unknown,Short-A,unknown,unknown,unknown,unknown,unknown,unknown
TV_3,ETH_BTP,ETHUSDT,short,2025-03-01 03:30:00,2025-03-01 07:30:00,0.3006,60.12,weekend,unknown,unknown_20250301,unknown,unknown,unknown,neutral,unknown,unknown,unknown,unknown,unknown,Short-A,unknown,unknown,unknown,unknown,unknown,unknown
TV_4,ETH_BTP,ETHUSDT,short,2025-03-02 05:30:00,2025-03-02 09:00:00,0.2091,41.82,weekend,unknown,unknown_20250302,unknown,unknown,unknown,neutral,unknown,unknown,unknown,unknown,unknown,Short-A,unknown,unknown,unknown,unknown,unknown,unknown
TV_5,ETH_BTP,ETHUSDT,short,2025-03-02 05:30:00,2025-03-02 09:00:00,0.21675,43.35,weekend,unknown,unknown_20250302,unknown,unknown,unknown,neutral,unknown,unknown,unknown,unknown,unknown,Short-A,unknown,unknown,unknown,unknown,unknown,unknown
TV_6,ETH_BTP,ETHUSDT,short,2025-03-02 05:30:00,2025-03-02 09:30:00,5e-06,0.001,weekend,unknown,unknown_20250302,unknown,unknown,unknown,neutral,unknown,unknown,unknown,unknown,unknown,Short-A,unknown,unknown,unknown,unknown,unknown,unknown
TV_7,ETH_BTP,ETHUSDT,short,2025-03-02 11:30:00,2025-03-02 14:00:00,0.6311,126.22,weekend,unknown,unknown_20250302,unknown,unknown,unknown,neutral,unknown,unknown,unknown,unknown,unknown,Short-A,unknown,unknown,unknown,unknown,unknown,unknown
TV_8,ETH_BTP,ETHUSDT,short,2025-03-02 11:30:00,2025-03-02 14:00:00,0.4854,97.08,weekend,unknown,unknown_20250302,unknown,unknown,unknown,neutral,unknown,unknown,unknown,unknown,unknown,Short-A,unknown,unknown,unknown,unknown,unknown,unknown
TV_9,ETH_BTP,ETHUSDT,short,2025-03-02 11:30:00,2025-03-02 15:30:00,2.5e-05,0.005,weekend,unknown,unknown_20250302,unknown,unknown,unknown,neutral,unknown,unknown,unknown,unknown,unknown,Short-A,unknown,unknown,unknown,unknown,unknown,unknown
TV_10,ETH_BTP,ETHUSDT,short,2025-03-05 09:30:00,2025-03-05 10:30:00,-1.3093000000000001,-261.86,London,unknown,unknown_20250305,unknown,unknown,unknown,neutral,unknown,unknown,unknown,unknown,unknown,Short-A,unknown,unknown,unknown,unknown,unknown,unknown
TV_11,ETH_BTP,ETHUSDT,short,2025-03-05 09:30:00,2025-03-05 10:30:00,-0.87285,-174.57,London,unknown,unknown_20250305,unknown,unknown,unknown,neutral,unknown,unknown,unknown,unknown,unknown,Short-A,unknown,unknown,unknown,unknown,unknown,unknown
TV_12,ETH_BTP,ETHUSDT,short,2025-03-05 09:30:00,2025-03-05 10:30:00,-1.5e-05,-0.003,London,unknown,unknown_20250305,unknown,unknown,unknown,neutral,unknown,unknown,unknown,unknown,unknown,Short-A,unknown,unknown,unknown,unknown,unknown,unknown
TV_15,ETH_BTP,ETHUSDT,short,2025-03-08 15:00:00,2025-03-09 10:00:00,1.4999999999999998e-06,0.0003,weekend,unknown,unknown_20250308,unknown,unknown,unknown,neutral,unknown,unknown,unknown,unknown,unknown,Short-A,unknown,unknown,unknown,unknown,unknown,unknown
TV_14,ETH_BTP,ETHUSDT,short,2025-03-08 15:00:00,2025-03-08 17:30:00,-0.0398,-7.96,weekend,unknown,unknown_20250308,unknown,unknown,unknown,neutral,unknown,unknown,unknown,unknown,unknown,Short-A,unknown,unknown,unknown,unknown,unknown,unknown
TV_13,ETH_BTP,ETHUSDT,short,2025-03-08 15:00:00,2025-03-08 17:00:00,0.41200000000000003,82.4,weekend,unknown,unknown_20250308,unknown,unknown,unknown,neutral,unknown,unknown,unknown,unknown,unknown,Short-A,unknown,unknown,unknown,unknown,unknown,unknown
TV_16,ETH_BTP,ETHUSDT,short,2025-03-11 20:00:00,2025-03-11 21:00:00,0.27415,54.83,NY,unknown,unknown_20250311,unknown,unknown,unknown,neutral,unknown,unknown,unknown,unknown,unknown,Short-A,unknown,unknown,unknown,unknown,unknown,unknown
TV_17,ETH_BTP,ETHUSDT,short,2025-03-11 20:00:00,2025-03-11 23:00:00,-0.0401,-8.02,NY,unknown,unknown_20250311,unknown,unknown,unknown,neutral,unknown,unknown,unknown,unknown,unknown,Short-A,unknown,unknown,unknown,unknown,unknown,unknown
TV_18,ETH_BTP,ETHUSDT,short,2025-03-11 20:00:00,2025-03-12 00:00:00,1e-05,0.002,NY,unknown,unknown_20250311,unknown,unknown,unknown,neutral,unknown,unknown,unknown,unknown,unknown,Short-A,unknown,unknown,unknown,unknown,unknown,unknown
TV_19,ETH_BTP,ETHUSDT,short,2025-03-14 12:30:00,2025-03-14 15:00:00,0.4543,90.86,overlap,unknown,unknown_20250314,unknown,unknown,unknown,neutral,unknown,unknown,unknown,unknown,unknown,Short-A,unknown,unknown,unknown,unknown,unknown,unknown
TV_20,ETH_BTP,ETHUSDT,short,2025-03-14 12:30:00,2025-03-14 15:00:00,-0.15645,-31.29,overlap,unknown,unknown_20250314,unknown,unknown,unknown,neutral,unknown,unknown,unknown,unknown,unknown,Short-A,unknown,unknown,unknown,unknown,unknown,unknown
TV_21,ETH_BTP,ETHUSDT,short,2025-03-14 12:30:00,2025-03-14 16:30:00,-1e-05,-0.002,overlap,unknown,unknown_20250314,unknown,unknown,unknown,neutral,unknown,unknown,unknown,unknown,unknown,Short-A,unknown,unknown,unknown,unknown,unknown,unknown
TV_22,ETH_BTP,ETHUSDT,short,2025-03-15 17:30:00,2025-03-15 21:30:00,-0.42314999999999997,-84.63,weekend,unknown,unknown_20250315,unknown,unknown,unknown,neutral,unknown,unknown,unknown,unknown,unknown,Short-C,unknown,unknown,unknown,unknown,unknown,unknown
TV_23,ETH_BTP,ETHUSDT,short,2025-03-17 20:30:00,2025-03-18 00:30:00,0.7212000000000001,144.24,NY,unknown,unknown_20250317,unknown,unknown,unknown,neutral,unknown,unknown,unknown,unknown,unknown,Short-C,unknown,unknown,unknown,unknown,unknown,unknown
TV_24,ETH_BTP,ETHUSDT,short,2025-03-31 17:00:00,2025-03-31 19:30:00,0.62735,125.47,NY,unknown,unknown_20250331,unknown,unknown,unknown,neutral,unknown,unknown,unknown,unknown,unknown,Short-A,unknown,unknown,unknown,unknown,unknown,unknown
TV_25,ETH_BTP,ETHUSDT,short,2025-03-31 17:00:00,2025-03-31 20:00:00,-0.04075,-8.15,NY,unknown,unknown_20250331,unknown,unknown,unknown,neutral,unknown,unknown,unknown,unknown,unknown,Short-A,unknown,unknown,unknown,unknown,unknown,unknown
TV_26,ETH_BTP,ETHUSDT,short,2025-03-31 17:00:00,2025-03-31 21:30:00,5e-06,0.001,NY,unknown,unknown_20250331,unknown,unknown,unknown,neutral,unknown,unknown,unknown,unknown,unknown,Short-A,unknown,unknown,unknown,unknown,unknown,unknown
TV_27,ETH_BTP,ETHUSDT,short,2025-04-01 05:00:00,2025-04-01 09:00:00,-1.3515000000000001,-270.3,Asia,unknown,unknown_20250401,unknown,unknown,unknown,neutral,unknown,unknown,unknown,unknown,unknown,Short-A,unknown,unknown,unknown,unknown,unknown,unknown
TV_29,ETH_BTP,ETHUSDT,short,2025-04-01 09:30:00,2025-04-01 10:30:00,-0.84355,-168.71,London,unknown,unknown_20250401,unknown,unknown,unknown,neutral,unknown,unknown,unknown,unknown,unknown,Short-A,unknown,unknown,unknown,unknown,unknown,unknown
TV_30,ETH_BTP,ETHUSDT,short,2025-04-01 09:30:00,2025-04-01 10:30:00,-1.5e-05,-0.003,London,unknown,unknown_20250401,unknown,unknown,unknown,neutral,unknown,unknown,unknown,unknown,unknown,Short-A,unknown,unknown,unknown,unknown,unknown,unknown
TV_28,ETH_BTP,ETHUSDT,short,2025-04-01 09:30:00,2025-04-01 10:30:00,-1.26535,-253.07,London,unknown,unknown_20250401,unknown,unknown,unknown,neutral,unknown,unknown,unknown,unknown,unknown,Short-A,unknown,unknown,unknown,unknown,unknown,unknown
TV_31,ETH_BTP,ETHUSDT,short,2025-04-02 19:00:00,2025-04-02 22:00:00,-1.2122,-242.44,NY,unknown,unknown_20250402,unknown,unknown,unknown,neutral,unknown,unknown,unknown,unknown,unknown,Short-C,unknown,unknown,unknown,unknown,unknown,unknown
TV_32,ETH_BTP,ETHUSDT,short,2025-04-02 19:00:00,2025-04-02 22:00:00,-0.8081,-161.62,NY,unknown,unknown_20250402,unknown,unknown,unknown,neutral,unknown,unknown,unknown,unknown,unknown,Short-C,unknown,unknown,unknown,unknown,unknown,unknown
TV_33,ETH_BTP,ETHUSDT,short,2025-04-04 10:30:00,2025-04-04 12:00:00,0.4156,83.12,London,unknown,unknown_20250404,unknown,unknown,unknown,neutral,unknown,unknown,unknown,unknown,unknown,Short-A,unknown,unknown,unknown,unknown,unknown,unknown
TV_34,ETH_BTP,ETHUSDT,short,2025-04-04 10:30:00,2025-04-04 12:00:00,0.65675,131.35,London,unknown,unknown_20250404,unknown,unknown,unknown,neutral,unknown,unknown,unknown,unknown,unknown,Short-A,unknown,unknown,unknown,unknown,unknown,unknown
TV_35,ETH_BTP,ETHUSDT,short,2025-04-04 10:30:00,2025-04-04 14:30:00,2e-05,0.004,London,unknown,unknown_20250404,unknown,unknown,unknown,neutral,unknown,unknown,unknown,unknown,unknown,Short-A,unknown,unknown,unknown,unknown,unknown,unknown
TV_36,ETH_BTP,ETHUSDT,short,2025-04-06 03:00:00,2025-04-06 05:00:00,0.2896,57.92,weekend,unknown,unknown_20250406,unknown,unknown,unknown,neutral,unknown,unknown,unknown,unknown,unknown,Short-A,unknown,unknown,unknown,unknown,unknown,unknown
TV_37,ETH_BTP,ETHUSDT,short,2025-04-06 03:00:00,2025-04-06 07:00:00,0.039900000000000005,7.98,weekend,unknown,unknown_20250406,unknown,unknown,unknown,neutral,unknown,unknown,unknown,unknown,unknown,Short-A,unknown,unknown,unknown,unknown,unknown,unknown
TV_38,ETH_BTP,ETHUSDT,short,2025-04-09 20:30:00,2025-04-10 00:30:00,-2.60035,-520.07,NY,unknown,unknown_20250409,unknown,unknown,unknown,neutral,unknown,unknown,unknown,unknown,unknown,Short-C,unknown,unknown,unknown,unknown,unknown,unknown
TV_39,ETH_BTP,ETHUSDT,short,2025-04-11 13:00:00,2025-04-11 15:00:00,0.2039,40.78,overlap,unknown,unknown_20250411,unknown,unknown,unknown,neutral,unknown,unknown,unknown,unknown,unknown,Short-A,unknown,unknown,unknown,unknown,unknown,unknown
TV_40,ETH_BTP,ETHUSDT,short,2025-04-11 13:00:00,2025-04-11 15:30:00,0.08435000000000001,16.87,overlap,unknown,unknown_20250411,unknown,unknown,unknown,neutral,unknown,unknown,unknown,unknown,unknown,Short-A,unknown,unknown,unknown,unknown,unknown,unknown
TV_41,ETH_BTP,ETHUSDT,short,2025-04-11 13:00:00,2025-04-11 17:00:00,-1.4999999999999998e-06,-0.0003,overlap,unknown,unknown_20250411,unknown,unknown,unknown,neutral,unknown,unknown,unknown,unknown,unknown,Short-A,unknown,unknown,unknown,unknown,unknown,unknown
TV_42,ETH_BTP,ETHUSDT,short,2025-04-11 20:00:00,2025-04-12 00:00:00,-0.03805,-7.61,NY,unknown,unknown_20250411,unknown,unknown,unknown,neutral,unknown,unknown,unknown,unknown,unknown,Short-A,unknown,unknown,unknown,unknown,unknown,unknown
TV_43,ETH_BTP,ETHUSDT,short,2025-04-12 10:30:00,2025-04-12 14:30:00,-0.96455,-192.91,weekend,unknown,unknown_20250412,unknown,unknown,unknown,neutral,unknown,unknown,unknown,unknown,unknown,Short-C,unknown,unknown,unknown,unknown,unknown,unknown
TV_44,ETH_BTP,ETHUSDT,short,2025-04-19 06:30:00,2025-04-19 10:30:00,-0.052450000000000004,-10.49,weekend,unknown,unknown_20250419,unknown,unknown,unknown,neutral,unknown,unknown,unknown,unknown,unknown,Short-C,unknown,unknown,unknown,unknown,unknown,unknown
TV_45,ETH_BTP,ETHUSDT,long,2025-05-03 08:30:00,2025-05-03 12:30:00,-0.467,-93.4,weekend,unknown,unknown_20250503,unknown,unknown,unknown,neutral,unknown,unknown,unknown,unknown,unknown,Long-A,unknown,unknown,unknown,unknown,unknown,unknown
TV_46,ETH_BTP,ETHUSDT,long,2025-05-12 18:00:00,2025-05-12 18:30:00,0.17184999999999997,34.37,NY,unknown,unknown_20250512,unknown,unknown,unknown,neutral,unknown,unknown,unknown,unknown,unknown,Long-A,unknown,unknown,unknown,unknown,unknown,unknown
TV_47,ETH_BTP,ETHUSDT,long,2025-05-12 18:00:00,2025-05-12 19:00:00,-0.0349,-6.98,NY,unknown,unknown_20250512,unknown,unknown,unknown,neutral,unknown,unknown,unknown,unknown,unknown,Long-A,unknown,unknown,unknown,unknown,unknown,unknown
TV_48,ETH_BTP,ETHUSDT,long,2025-05-12 18:00:00,2025-05-13 15:00:00,2e-05,0.004,NY,unknown,unknown_20250512,unknown,unknown,unknown,neutral,unknown,unknown,unknown,unknown,unknown,Long-A,unknown,unknown,unknown,unknown,unknown,unknown
TV_49,ETH_BTP,ETHUSDT,long,2025-05-14 16:30:00,2025-05-14 17:30:00,0.23045000000000002,46.09,NY,unknown,unknown_20250514,unknown,unknown,unknown,neutral,unknown,unknown,unknown,unknown,unknown,Long-A,unknown,unknown,unknown,unknown,unknown,unknown
TV_50,ETH_BTP,ETHUSDT,long,2025-05-14 16:30:00,2025-05-14 18:00:00,-0.035,-7.0,NY,unknown,unknown_20250514,unknown,unknown,unknown,neutral,unknown,unknown,unknown,unknown,unknown,Long-A,unknown,unknown,unknown,unknown,unknown,unknown
TV_51,ETH_BTP,ETHUSDT,long,2025-05-14 16:30:00,2025-05-14 20:30:00,1.5e-05,0.003,NY,unknown,unknown_20250514,unknown,unknown,unknown,neutral,unknown,unknown,unknown,unknown,unknown,Long-A,unknown,unknown,unknown,unknown,unknown,unknown
TV_52,ETH_BTP,ETHUSDT,long,2025-05-15 10:00:00,2025-05-15 14:00:00,-0.001,-0.2,London,unknown,unknown_20250515,unknown,unknown,unknown,neutral,unknown,unknown,unknown,unknown,unknown,Long-A,unknown,unknown,unknown,unknown,unknown,unknown
TV_53,ETH_BTP,ETHUSDT,long,2025-05-15 17:00:00,2025-05-15 18:30:00,0.8072499999999999,161.45,NY,unknown,unknown_20250515,unknown,unknown,unknown,neutral,unknown,unknown,unknown,unknown,unknown,Long-A,unknown,unknown,unknown,unknown,unknown,unknown
TV_54,ETH_BTP,ETHUSDT,long,2025-05-15 17:00:00,2025-05-15 18:30:00,0.8778,175.56,NY,unknown,unknown_20250515,unknown,unknown,unknown,neutral,unknown,unknown,unknown,unknown,unknown,Long-A,unknown,unknown,unknown,unknown,unknown,unknown
TV_55,ETH_BTP,ETHUSDT,long,2025-05-17 01:00:00,2025-05-17 02:00:00,-1.14965,-229.93,weekend,unknown,unknown_20250517,unknown,unknown,unknown,neutral,unknown,unknown,unknown,unknown,unknown,Long-A,unknown,unknown,unknown,unknown,unknown,unknown
TV_56,ETH_BTP,ETHUSDT,long,2025-05-17 01:00:00,2025-05-17 02:00:00,-0.76645,-153.29,weekend,unknown,unknown_20250517,unknown,unknown,unknown,neutral,unknown,unknown,unknown,unknown,unknown,Long-A,unknown,unknown,unknown,unknown,unknown,unknown
TV_58,ETH_BTP,ETHUSDT,long,2025-05-20 21:00:00,2025-05-20 21:30:00,0.2579,51.58,Off,unknown,unknown_20250520,unknown,unknown,unknown,neutral,unknown,unknown,unknown,unknown,unknown,Long-C,unknown,unknown,unknown,unknown,unknown,unknown
TV_59,ETH_BTP,ETHUSDT,long,2025-05-20 21:00:00,2025-05-21 01:00:00,2.5e-05,0.005,Off,unknown,unknown_20250520,unknown,unknown,unknown,neutral,unknown,unknown,unknown,unknown,unknown,Long-C,unknown,unknown,unknown,unknown,unknown,unknown
TV_57,ETH_BTP,ETHUSDT,long,2025-05-20 21:00:00,2025-05-20 21:30:00,0.26775,53.55,Off,unknown,unknown_20250520,unknown,unknown,unknown,neutral,unknown,unknown,unknown,unknown,unknown,Long-C,unknown,unknown,unknown,unknown,unknown,unknown
TV_62,ETH_BTP,ETHUSDT,long,2025-05-24 23:30:00,2025-05-25 02:30:00,-5e-05,-0.01,weekend,unknown,unknown_20250524,unknown,unknown,unknown,neutral,unknown,unknown,unknown,unknown,unknown,Long-C,unknown,unknown,unknown,unknown,unknown,unknown
TV_61,ETH_BTP,ETHUSDT,long,2025-05-24 23:30:00,2025-05-25 02:30:00,-0.74315,-148.63,weekend,unknown,unknown_20250524,unknown,unknown,unknown,neutral,unknown,unknown,unknown,unknown,unknown,Long-C,unknown,unknown,unknown,unknown,unknown,unknown
TV_60,ETH_BTP,ETHUSDT,long,2025-05-24 23:30:00,2025-05-25 02:30:00,-1.11475,-222.95,weekend,unknown,unknown_20250524,unknown,unknown,unknown,neutral,unknown,unknown,unknown,unknown,unknown,Long-C,unknown,unknown,unknown,unknown,unknown,unknown
TV_63,ETH_BTP,ETHUSDT,long,2025-05-29 17:00:00,2025-05-29 21:00:00,-0.65405,-130.81,NY,unknown,unknown_20250529,unknown,unknown,unknown,neutral,unknown,unknown,unknown,unknown,unknown,Long-A,unknown,unknown,unknown,unknown,unknown,unknown
TV_64,ETH_BTP,ETHUSDT,long,2025-05-30 02:00:00,2025-05-30 02:30:00,-1.05145,-210.29,Asia,unknown,unknown_20250530,unknown,unknown,unknown,neutral,unknown,unknown,unknown,unknown,unknown,Long-A,unknown,unknown,unknown,unknown,unknown,unknown
TV_65,ETH_BTP,ETHUSDT,long,2025-05-30 02:00:00,2025-05-30 02:30:00,-0.70095,-140.19,Asia,unknown,unknown_20250530,unknown,unknown,unknown,neutral,unknown,unknown,unknown,unknown,unknown,Long-A,unknown,unknown,unknown,unknown,unknown,unknown
TV_66,ETH_BTP,ETHUSDT,long,2025-05-30 02:00:00,2025-05-30 02:30:00,-5e-05,-0.01,Asia,unknown,unknown_20250530,unknown,unknown,unknown,neutral,unknown,unknown,unknown,unknown,unknown,Long-A,unknown,unknown,unknown,unknown,unknown,unknown
TV_67,ETH_BTP,ETHUSDT,long,2025-06-12 00:30:00,2025-06-12 01:00:00,0.20225,40.45,Asia,unknown,unknown_20250612,unknown,unknown,unknown,neutral,unknown,unknown,unknown,unknown,unknown,Long-A,unknown,unknown,unknown,unknown,unknown,unknown
TV_68,ETH_BTP,ETHUSDT,long,2025-06-12 00:30:00,2025-06-12 02:30:00,-0.032,-6.4,Asia,unknown,unknown_20250612,unknown,unknown,unknown,neutral,unknown,unknown,unknown,unknown,unknown,Long-A,unknown,unknown,unknown,unknown,unknown,unknown
TV_69,ETH_BTP,ETHUSDT,long,2025-06-12 00:30:00,2025-06-12 08:30:00,5e-06,0.001,Asia,unknown,unknown_20250612,unknown,unknown,unknown,neutral,unknown,unknown,unknown,unknown,unknown,Long-A,unknown,unknown,unknown,unknown,unknown,unknown
TV_70,ETH_BTP,ETHUSDT,long,2025-06-12 10:00:00,2025-06-12 14:00:00,-0.93965,-187.93,London,unknown,unknown_20250612,unknown,unknown,unknown,neutral,unknown,unknown,unknown,unknown,unknown,Long-A,unknown,unknown,unknown,unknown,unknown,unknown
TV_71,ETH_BTP,ETHUSDT,short,2025-06-23 16:00:00,2025-06-23 17:30:00,0.33945000000000003,67.89,NY,unknown,unknown_20250623,unknown,unknown,unknown,neutral,unknown,unknown,unknown,unknown,unknown,Short-A,unknown,unknown,unknown,unknown,unknown,unknown
TV_72,ETH_BTP,ETHUSDT,short,2025-06-23 16:00:00,2025-06-23 17:30:00,0.4114,82.28,NY,unknown,unknown_20250623,unknown,unknown,unknown,neutral,unknown,unknown,unknown,unknown,unknown,Short-A,unknown,unknown,unknown,unknown,unknown,unknown
TV_73,ETH_BTP,ETHUSDT,short,2025-06-24 11:30:00,2025-06-24 15:30:00,-0.2754,-55.08,London,unknown,unknown_20250624,unknown,unknown,unknown,neutral,unknown,unknown,unknown,unknown,unknown,Short-C,unknown,unknown,unknown,unknown,unknown,unknown
TV_74,ETH_BTP,ETHUSDT,long,2025-07-01 07:30:00,2025-07-01 11:30:00,-0.2084,-41.68,Asia,unknown,unknown_20250701,unknown,unknown,unknown,neutral,unknown,unknown,unknown,unknown,unknown,Long-A,unknown,unknown,unknown,unknown,unknown,unknown
TV_75,ETH_BTP,ETHUSDT,long,2025-07-04 10:00:00,2025-07-04 14:00:00,0.15685000000000002,31.37,London,unknown,unknown_20250704,unknown,unknown,unknown,neutral,unknown,unknown,unknown,unknown,unknown,Long-A,unknown,unknown,unknown,unknown,unknown,unknown
TV_76,ETH_BTP,ETHUSDT,long,2025-07-05 18:30:00,2025-07-05 22:30:00,-0.0698,-13.96,weekend,unknown,unknown_20250705,unknown,unknown,unknown,neutral,unknown,unknown,unknown,unknown,unknown,Long-C,unknown,unknown,unknown,unknown,unknown,unknown
TV_77,ETH_BTP,ETHUSDT,long,2025-07-07 17:00:00,2025-07-07 21:00:00,0.15455,30.91,NY,unknown,unknown_20250707,unknown,unknown,unknown,neutral,unknown,unknown,unknown,unknown,unknown,Long-A,unknown,unknown,unknown,unknown,unknown,unknown
TV_78,ETH_BTP,ETHUSDT,long,2025-07-07 17:00:00,2025-07-07 21:30:00,0.0067,1.34,NY,unknown,unknown_20250707,unknown,unknown,unknown,neutral,unknown,unknown,unknown,unknown,unknown,Long-A,unknown,unknown,unknown,unknown,unknown,unknown
TV_79,ETH_BTP,ETHUSDT,long,2025-07-15 04:30:00,2025-07-15 08:30:00,0.22399999999999998,44.8,Asia,unknown,unknown_20250715,unknown,unknown,unknown,neutral,unknown,unknown,unknown,unknown,unknown,Long-A,unknown,unknown,unknown,unknown,unknown,unknown
TV_80,ETH_BTP,ETHUSDT,long,2025-07-22 07:00:00,2025-07-22 11:00:00,-0.915,-183.0,Asia,unknown,unknown_20250722,unknown,unknown,unknown,neutral,unknown,unknown,unknown,unknown,unknown,Long-A,unknown,unknown,unknown,unknown,unknown,unknown
TV_81,ETH_BTP,ETHUSDT,long,2025-07-23 09:00:00,2025-07-23 13:00:00,-0.5141,-102.82,London,unknown,unknown_20250723,unknown,unknown,unknown,neutral,unknown,unknown,unknown,unknown,unknown,Long-A,unknown,unknown,unknown,unknown,unknown,unknown
TV_82,ETH_BTP,ETHUSDT,long,2025-07-23 23:30:00,2025-07-24 03:30:00,1.12215,224.43,Off,unknown,unknown_20250723,unknown,unknown,unknown,neutral,unknown,unknown,unknown,unknown,unknown,Long-C,unknown,unknown,unknown,unknown,unknown,unknown
TV_83,ETH_BTP,ETHUSDT,long,2025-07-24 08:00:00,2025-07-24 12:00:00,0.9606,192.12,Asia,unknown,unknown_20250724,unknown,unknown,unknown,neutral,unknown,unknown,unknown,unknown,unknown,Long-C,unknown,unknown,unknown,unknown,unknown,unknown
TV_84,ETH_BTP,ETHUSDT,long,2025-07-24 08:00:00,2025-07-24 12:30:00,0.4036,80.72,Asia,unknown,unknown_20250724,unknown,unknown,unknown,neutral,unknown,unknown,unknown,unknown,unknown,Long-C,unknown,unknown,unknown,unknown,unknown,unknown
TV_85,ETH_BTP,ETHUSDT,long,2025-07-24 08:00:00,2025-07-24 12:30:00,2e-05,0.004,Asia,unknown,unknown_20250724,unknown,unknown,unknown,neutral,unknown,unknown,unknown,unknown,unknown,Long-C,unknown,unknown,unknown,unknown,unknown,unknown
TV_86,ETH_BTP,ETHUSDT,long,2025-07-28 17:00:00,2025-07-28 21:00:00,-0.42345,-84.69,NY,unknown,unknown_20250728,unknown,unknown,unknown,neutral,unknown,unknown,unknown,unknown,unknown,Long-A,unknown,unknown,unknown,unknown,unknown,unknown
TV_87,ETH_BTP,ETHUSDT,long,2025-07-29 04:00:00,2025-07-29 05:00:00,0.1923,38.46,Asia,unknown,unknown_20250729,unknown,unknown,unknown,neutral,unknown,unknown,unknown,unknown,unknown,Long-C,unknown,unknown,unknown,unknown,unknown,unknown
TV_88,ETH_BTP,ETHUSDT,long,2025-07-29 04:00:00,2025-07-29 05:30:00,0.2011,40.22,Asia,unknown,unknown_20250729,unknown,unknown,unknown,neutral,unknown,unknown,unknown,unknown,unknown,Long-C,unknown,unknown,unknown,unknown,unknown,unknown
TV_89,ETH_BTP,ETHUSDT,long,2025-07-29 04:00:00,2025-07-29 08:00:00,5e-05,0.01,Asia,unknown,unknown_20250729,unknown,unknown,unknown,neutral,unknown,unknown,unknown,unknown,unknown,Long-C,unknown,unknown,unknown,unknown,unknown,unknown
TV_91,ETH_BTP,ETHUSDT,long,2025-07-30 21:30:00,2025-07-30 22:30:00,-0.032799999999999996,-6.56,Off,unknown,unknown_20250730,unknown,unknown,unknown,neutral,unknown,unknown,unknown,unknown,unknown,Long-C,unknown,unknown,unknown,unknown,unknown,unknown
TV_92,ETH_BTP,ETHUSDT,long,2025-07-30 21:30:00,2025-07-31 01:30:00,2.5e-05,0.005,Off,unknown,unknown_20250730,unknown,unknown,unknown,neutral,unknown,unknown,unknown,unknown,unknown,Long-C,unknown,unknown,unknown,unknown,unknown,unknown
TV_90,ETH_BTP,ETHUSDT,long,2025-07-30 21:30:00,2025-07-30 22:00:00,0.30745,61.49,Off,unknown,unknown_20250730,unknown,unknown,unknown,neutral,unknown,unknown,unknown,unknown,unknown,Long-C,unknown,unknown,unknown,unknown,unknown,unknown
TV_93,ETH_BTP,ETHUSDT,long,2025-08-11 14:00:00,2025-08-11 15:30:00,0.57185,114.37,overlap,unknown,unknown_20250811,unknown,unknown,unknown,neutral,unknown,unknown,unknown,unknown,unknown,Long-A,unknown,unknown,unknown,unknown,unknown,unknown
TV_94,ETH_BTP,ETHUSDT,long,2025-08-11 14:00:00,2025-08-11 15:30:00,0.72875,145.75,overlap,unknown,unknown_20250811,unknown,unknown,unknown,neutral,unknown,unknown,unknown,unknown,unknown,Long-A,unknown,unknown,unknown,unknown,unknown,unknown
TV_95,ETH_BTP,ETHUSDT,long,2025-08-11 14:00:00,2025-08-11 18:00:00,0.0001,0.02,overlap,unknown,unknown_20250811,unknown,unknown,unknown,neutral,unknown,unknown,unknown,unknown,unknown,Long-A,unknown,unknown,unknown,unknown,unknown,unknown
TV_96,ETH_BTP,ETHUSDT,long,2025-08-14 15:30:00,2025-08-14 16:30:00,0.55945,111.89,overlap,unknown,unknown_20250814,unknown,unknown,unknown,neutral,unknown,unknown,unknown,unknown,unknown,Long-A,unknown,unknown,unknown,unknown,unknown,unknown
TV_97,ETH_BTP,ETHUSDT,long,2025-08-14 15:30:00,2025-08-14 17:00:00,-0.03405,-6.81,overlap,unknown,unknown_20250814,unknown,unknown,unknown,neutral,unknown,unknown,unknown,unknown,unknown,Long-A,unknown,unknown,unknown,unknown,unknown,unknown
TV_98,ETH_BTP,ETHUSDT,long,2025-09-14 14:30:00,2025-09-14 18:30:00,-0.74555,-149.11,weekend,unknown,unknown_20250914,unknown,unknown,unknown,neutral,unknown,unknown,unknown,unknown,unknown,Long-A,unknown,unknown,unknown,unknown,unknown,unknown
TV_99,ETH_BTP,ETHUSDT,long,2025-09-17 07:30:00,2025-09-17 08:30:00,0.17965,35.93,Asia,unknown,unknown_20250917,unknown,unknown,unknown,neutral,unknown,unknown,unknown,unknown,unknown,Long-B,unknown,unknown,unknown,unknown,unknown,unknown
TV_100,ETH_BTP,ETHUSDT,long,2025-09-17 07:30:00,2025-09-17 08:30:00,0.20035,40.07,Asia,unknown,unknown_20250917,unknown,unknown,unknown,neutral,unknown,unknown,unknown,unknown,unknown,Long-B,unknown,unknown,unknown,unknown,unknown,unknown
TV_101,ETH_BTP,ETHUSDT,long,2025-09-17 07:30:00,2025-09-17 11:30:00,-1e-05,-0.002,Asia,unknown,unknown_20250917,unknown,unknown,unknown,neutral,unknown,unknown,unknown,unknown,unknown,Long-B,unknown,unknown,unknown,unknown,unknown,unknown
TV_102,ETH_BTP,ETHUSDT,short,2025-09-26 20:00:00,2025-09-27 00:00:00,0.4276,85.52,NY,unknown,unknown_20250926,unknown,unknown,unknown,neutral,unknown,unknown,unknown,unknown,unknown,Short-A,unknown,unknown,unknown,unknown,unknown,unknown
TV_105,ETH_BTP,ETHUSDT,short,2025-09-28 00:30:00,2025-09-28 04:30:00,1e-05,0.002,weekend,unknown,unknown_20250928,unknown,unknown,unknown,neutral,unknown,unknown,unknown,unknown,unknown,Short-A,unknown,unknown,unknown,unknown,unknown,unknown
TV_103,ETH_BTP,ETHUSDT,short,2025-09-28 00:30:00,2025-09-28 03:00:00,0.19055,38.11,weekend,unknown,unknown_20250928,unknown,unknown,unknown,neutral,unknown,unknown,unknown,unknown,unknown,Short-A,unknown,unknown,unknown,unknown,unknown,unknown
TV_104,ETH_BTP,ETHUSDT,short,2025-09-28 00:30:00,2025-09-28 03:00:00,0.1024,20.48,weekend,unknown,unknown_20250928,unknown,unknown,unknown,neutral,unknown,unknown,unknown,unknown,unknown,Short-A,unknown,unknown,unknown,unknown,unknown,unknown
TV_108,ETH_BTP,ETHUSDT,long,2025-10-04 18:00:00,2025-10-04 22:30:00,1e-05,0.002,weekend,unknown,unknown_20251004,unknown,unknown,unknown,neutral,unknown,unknown,unknown,unknown,unknown,Long-A,unknown,unknown,unknown,unknown,unknown,unknown
TV_107,ETH_BTP,ETHUSDT,long,2025-10-04 18:00:00,2025-10-04 22:00:00,0.2091,41.82,weekend,unknown,unknown_20251004,unknown,unknown,unknown,neutral,unknown,unknown,unknown,unknown,unknown,Long-A,unknown,unknown,unknown,unknown,unknown,unknown
TV_106,ETH_BTP,ETHUSDT,long,2025-10-04 18:00:00,2025-10-04 22:00:00,0.2551,51.02,weekend,unknown,unknown_20251004,unknown,unknown,unknown,neutral,unknown,unknown,unknown,unknown,unknown,Long-A,unknown,unknown,unknown,unknown,unknown,unknown
TV_109,ETH_BTP,ETHUSDT,long,2025-10-05 22:30:00,2025-10-06 00:00:00,0.16235,32.47,Off,unknown,unknown_20251005,unknown,unknown,unknown,neutral,unknown,unknown,unknown,unknown,unknown,Long-A,unknown,unknown,unknown,unknown,unknown,unknown
TV_110,ETH_BTP,ETHUSDT,long,2025-10-05 22:30:00,2025-10-06 01:00:00,0.15055,30.11,Off,unknown,unknown_20251005,unknown,unknown,unknown,neutral,unknown,unknown,unknown,unknown,unknown,Long-A,unknown,unknown,unknown,unknown,unknown,unknown
TV_111,ETH_BTP,ETHUSDT,long,2025-10-05 22:30:00,2025-10-06 02:30:00,-1.4999999999999998e-06,-0.0003,Off,unknown,unknown_20251005,unknown,unknown,unknown,neutral,unknown,unknown,unknown,unknown,unknown,Long-A,unknown,unknown,unknown,unknown,unknown,unknown
TV_112,ETH_BTP,ETHUSDT,long,2025-10-08 18:00:00,2025-10-08 19:00:00,0.68455,136.91,NY,unknown,unknown_20251008,unknown,unknown,unknown,neutral,unknown,unknown,unknown,unknown,unknown,Long-C,unknown,unknown,unknown,unknown,unknown,unknown
TV_113,ETH_BTP,ETHUSDT,long,2025-10-08 18:00:00,2025-10-08 19:00:00,0.5668,113.36,NY,unknown,unknown_20251008,unknown,unknown,unknown,neutral,unknown,unknown,unknown,unknown,unknown,Long-C,unknown,unknown,unknown,unknown,unknown,unknown
TV_114,ETH_BTP,ETHUSDT,long,2025-10-08 18:00:00,2025-10-08 22:00:00,5e-05,0.01,NY,unknown,unknown_20251008,unknown,unknown,unknown,neutral,unknown,unknown,unknown,unknown,unknown,Long-C,unknown,unknown,unknown,unknown,unknown,unknown
TV_115,ETH_BTP,ETHUSDT,short,2025-10-13 04:30:00,2025-10-13 08:30:00,-0.34395000000000003,-68.79,Asia,unknown,unknown_20251013,unknown,unknown,unknown,neutral,unknown,unknown,unknown,unknown,unknown,Short-C,unknown,unknown,unknown,unknown,unknown,unknown
TV_118,ETH_BTP,ETHUSDT,short,2025-10-14 19:00:00,2025-10-15 03:00:00,1.5e-05,0.003,NY,unknown,unknown_20251014,unknown,unknown,unknown,neutral,unknown,unknown,unknown,unknown,unknown,Short-C,unknown,unknown,unknown,unknown,unknown,unknown
TV_116,ETH_BTP,ETHUSDT,short,2025-10-14 19:00:00,2025-10-14 19:30:00,0.34604999999999997,69.21,NY,unknown,unknown_20251014,unknown,unknown,unknown,neutral,unknown,unknown,unknown,unknown,unknown,Short-C,unknown,unknown,unknown,unknown,unknown,unknown
TV_117,ETH_BTP,ETHUSDT,short,2025-10-14 19:00:00,2025-10-14 20:00:00,-0.0361,-7.22,NY,unknown,unknown_20251014,unknown,unknown,unknown,neutral,unknown,unknown,unknown,unknown,unknown,Short-C,unknown,unknown,unknown,unknown,unknown,unknown
TV_120,ETH_BTP,ETHUSDT,short,2025-10-15 11:00:00,2025-10-15 13:00:00,0.3985,79.7,London,unknown,unknown_20251015,unknown,unknown,unknown,neutral,unknown,unknown,unknown,unknown,unknown,Short-C,unknown,unknown,unknown,unknown,unknown,unknown
TV_121,ETH_BTP,ETHUSDT,short,2025-10-15 11:00:00,2025-10-15 15:00:00,5e-05,0.01,London,unknown,unknown_20251015,unknown,unknown,unknown,neutral,unknown,unknown,unknown,unknown,unknown,Short-C,unknown,unknown,unknown,unknown,unknown,unknown
TV_119,ETH_BTP,ETHUSDT,short,2025-10-15 11:00:00,2025-10-15 13:00:00,0.6605500000000001,132.11,London,unknown,unknown_20251015,unknown,unknown,unknown,neutral,unknown,unknown,unknown,unknown,unknown,Short-C,unknown,unknown,unknown,unknown,unknown,unknown
TV_124,ETH_BTP,ETHUSDT,short,2025-10-18 09:30:00,2025-10-18 13:30:00,5e-06,0.001,weekend,unknown,unknown_20251018,unknown,unknown,unknown,neutral,unknown,unknown,unknown,unknown,unknown,Short-A,unknown,unknown,unknown,unknown,unknown,unknown
TV_122,ETH_BTP,ETHUSDT,short,2025-10-18 09:30:00,2025-10-18 11:00:00,0.33520000000000005,67.04,weekend,unknown,unknown_20251018,unknown,unknown,unknown,neutral,unknown,unknown,unknown,unknown,unknown,Short-A,unknown,unknown,unknown,unknown,unknown,unknown
TV_123,ETH_BTP,ETHUSDT,short,2025-10-18 09:30:00,2025-10-18 12:00:00,0.22815000000000002,45.63,weekend,unknown,unknown_20251018,unknown,unknown,unknown,neutral,unknown,unknown,unknown,unknown,unknown,Short-A,unknown,unknown,unknown,unknown,unknown,unknown
TV_125,ETH_BTP,ETHUSDT,short,2025-10-18 20:00:00,2025-10-18 23:00:00,0.2137,42.74,weekend,unknown,unknown_20251018,unknown,unknown,unknown,neutral,unknown,unknown,unknown,unknown,unknown,Short-A,unknown,unknown,unknown,unknown,unknown,unknown
TV_126,ETH_BTP,ETHUSDT,short,2025-10-18 20:00:00,2025-10-18 23:30:00,-0.03765,-7.53,weekend,unknown,unknown_20251018,unknown,unknown,unknown,neutral,unknown,unknown,unknown,unknown,unknown,Short-A,unknown,unknown,unknown,unknown,unknown,unknown
TV_127,ETH_BTP,ETHUSDT,short,2025-10-18 20:00:00,2025-10-19 00:00:00,-5e-06,-0.001,weekend,unknown,unknown_20251018,unknown,unknown,unknown,neutral,unknown,unknown,unknown,unknown,unknown,Short-A,unknown,unknown,unknown,unknown,unknown,unknown
TV_128,ETH_BTP,ETHUSDT,short,2025-10-19 06:00:00,2025-10-19 08:30:00,0.2828,56.56,weekend,unknown,unknown_20251019,unknown,unknown,unknown,neutral,unknown,unknown,unknown,unknown,unknown,Short-A,unknown,unknown,unknown,unknown,unknown,unknown
TV_129,ETH_BTP,ETHUSDT,short,2025-10-19 06:00:00,2025-10-19 08:30:00,0.14965,29.93,weekend,unknown,unknown_20251019,unknown,unknown,unknown,neutral,unknown,unknown,unknown,unknown,unknown,Short-A,unknown,unknown,unknown,unknown,unknown,unknown
TV_130,ETH_BTP,ETHUSDT,short,2025-10-20 01:00:00,2025-10-20 02:00:00,0.8315,166.3,Asia,unknown,unknown_20251020,unknown,unknown,unknown,neutral,unknown,unknown,unknown,unknown,unknown,Short-C,unknown,unknown,unknown,unknown,unknown,unknown
TV_131,ETH_BTP,ETHUSDT,short,2025-10-20 01:00:00,2025-10-20 02:00:00,0.611,122.2,Asia,unknown,unknown_20251020,unknown,unknown,unknown,neutral,unknown,unknown,unknown,unknown,unknown,Short-C,unknown,unknown,unknown,unknown,unknown,unknown
TV_132,ETH_BTP,ETHUSDT,short,2025-10-20 01:00:00,2025-10-20 05:00:00,1.5e-05,0.003,Asia,unknown,unknown_20251020,unknown,unknown,unknown,neutral,unknown,unknown,unknown,unknown,unknown,Short-C,unknown,unknown,unknown,unknown,unknown,unknown
TV_133,ETH_BTP,ETHUSDT,short,2025-10-23 09:00:00,2025-10-23 13:00:00,-0.1859,-37.18,London,unknown,unknown_20251023,unknown,unknown,unknown,neutral,unknown,unknown,unknown,unknown,unknown,Short-A,unknown,unknown,unknown,unknown,unknown,unknown
TV_134,ETH_BTP,ETHUSDT,short,2025-10-23 19:00:00,2025-10-23 20:30:00,0.36365000000000003,72.73,NY,unknown,unknown_20251023,unknown,unknown,unknown,neutral,unknown,unknown,unknown,unknown,unknown,Short-A,unknown,unknown,unknown,unknown,unknown,unknown
TV_135,ETH_BTP,ETHUSDT,short,2025-10-23 19:00:00,2025-10-23 21:00:00,0.13925,27.85,NY,unknown,unknown_20251023,unknown,unknown,unknown,neutral,unknown,unknown,unknown,unknown,unknown,Short-A,unknown,unknown,unknown,unknown,unknown,unknown
TV_136,ETH_BTP,ETHUSDT,short,2025-10-23 19:00:00,2025-10-23 23:00:00,5e-05,0.01,NY,unknown,unknown_20251023,unknown,unknown,unknown,neutral,unknown,unknown,unknown,unknown,unknown,Short-A,unknown,unknown,unknown,unknown,unknown,unknown
TV_137,ETH_BTP,ETHUSDT,short,2025-10-25 09:30:00,2025-10-25 13:30:00,-0.38515,-77.03,weekend,unknown,unknown_20251025,unknown,unknown,unknown,neutral,unknown,unknown,unknown,unknown,unknown,Short-C,unknown,unknown,unknown,unknown,unknown,unknown
TV_140,ETH_BTP,ETHUSDT,short,2025-10-31 13:00:00,2025-10-31 17:00:00,5e-06,0.001,overlap,unknown,unknown_20251031,unknown,unknown,unknown,neutral,unknown,unknown,unknown,unknown,unknown,Short-A,unknown,unknown,unknown,unknown,unknown,unknown
TV_138,ETH_BTP,ETHUSDT,short,2025-10-31 13:00:00,2025-10-31 13:30:00,0.19039999999999999,38.08,overlap,unknown,unknown_20251031,unknown,unknown,unknown,neutral,unknown,unknown,unknown,unknown,unknown,Short-A,unknown,unknown,unknown,unknown,unknown,unknown
TV_139,ETH_BTP,ETHUSDT,short,2025-10-31 13:00:00,2025-10-31 13:30:00,0.31165,62.33,overlap,unknown,unknown_20251031,unknown,unknown,unknown,neutral,unknown,unknown,unknown,unknown,unknown,Short-A,unknown,unknown,unknown,unknown,unknown,unknown
TV_141,ETH_BTP,ETHUSDT,short,2025-11-01 10:00:00,2025-11-01 14:00:00,-0.03615,-7.23,weekend,unknown,unknown_20251101,unknown,unknown,unknown,neutral,unknown,unknown,unknown,unknown,unknown,Short-A,unknown,unknown,unknown,unknown,unknown,unknown
TV_142,ETH_BTP,ETHUSDT,short,2025-11-01 17:00:00,2025-11-01 18:30:00,0.27875,55.75,weekend,unknown,unknown_20251101,unknown,unknown,unknown,neutral,unknown,unknown,unknown,unknown,unknown,Short-A,unknown,unknown,unknown,unknown,unknown,unknown
TV_143,ETH_BTP,ETHUSDT,short,2025-11-01 17:00:00,2025-11-01 18:30:00,0.1635,32.7,weekend,unknown,unknown_20251101,unknown,unknown,unknown,neutral,unknown,unknown,unknown,unknown,unknown,Short-A,unknown,unknown,unknown,unknown,unknown,unknown
TV_144,ETH_BTP,ETHUSDT,short,2025-11-01 17:00:00,2025-11-01 21:00:00,-5e-06,-0.001,weekend,unknown,unknown_20251101,unknown,unknown,unknown,neutral,unknown,unknown,unknown,unknown,unknown,Short-A,unknown,unknown,unknown,unknown,unknown,unknown
TV_145,ETH_BTP,ETHUSDT,short,2025-11-05 18:00:00,2025-11-05 22:00:00,-0.1092,-21.84,NY,unknown,unknown_20251105,unknown,unknown,unknown,neutral,unknown,unknown,unknown,unknown,unknown,Short-A,unknown,unknown,unknown,unknown,unknown,unknown
TV_146,ETH_BTP,ETHUSDT,short,2025-11-07 19:30:00,2025-11-07 23:30:00,-0.6724,-134.48,NY,unknown,unknown_20251107,unknown,unknown,unknown,neutral,unknown,unknown,unknown,unknown,unknown,Short-A,unknown,unknown,unknown,unknown,unknown,unknown
TV_147,ETH_BTP,ETHUSDT,short,2025-11-09 13:30:00,2025-11-09 15:00:00,-1.2396500000000001,-247.93,weekend,unknown,unknown_20251109,unknown,unknown,unknown,neutral,unknown,unknown,unknown,unknown,unknown,Short-C,unknown,unknown,unknown,unknown,unknown,unknown
TV_148,ETH_BTP,ETHUSDT,short,2025-11-09 13:30:00,2025-11-09 15:00:00,-0.8264499999999999,-165.29,weekend,unknown,unknown_20251109,unknown,unknown,unknown,neutral,unknown,unknown,unknown,unknown,unknown,Short-C,unknown,unknown,unknown,unknown,unknown,unknown
TV_149,ETH_BTP,ETHUSDT,short,2025-11-09 13:30:00,2025-11-09 15:00:00,-5e-05,-0.01,weekend,unknown,unknown_20251109,unknown,unknown,unknown,neutral,unknown,unknown,unknown,unknown,unknown,Short-C,unknown,unknown,unknown,unknown,unknown,unknown
TV_152,ETH_BTP,ETHUSDT,short,2025-11-15 19:00:00,2025-11-15 23:00:00,2e-05,0.004,weekend,unknown,unknown_20251115,unknown,unknown,unknown,neutral,unknown,unknown,unknown,unknown,unknown,Short-A,unknown,unknown,unknown,unknown,unknown,unknown
TV_150,ETH_BTP,ETHUSDT,short,2025-11-15 19:00:00,2025-11-15 20:30:00,0.25105,50.21,weekend,unknown,unknown_20251115,unknown,unknown,unknown,neutral,unknown,unknown,unknown,unknown,unknown,Short-A,unknown,unknown,unknown,unknown,unknown,unknown
TV_151,ETH_BTP,ETHUSDT,short,2025-11-15 19:00:00,2025-11-15 21:30:00,0.34055,68.11,weekend,unknown,unknown_20251115,unknown,unknown,unknown,neutral,unknown,unknown,unknown,unknown,unknown,Short-A,unknown,unknown,unknown,unknown,unknown,unknown
TV_155,ETH_BTP,ETHUSDT,short,2025-11-16 11:00:00,2025-11-16 15:00:00,5e-05,0.01,weekend,unknown,unknown_20251116,unknown,unknown,unknown,neutral,unknown,unknown,unknown,unknown,unknown,Short-A,unknown,unknown,unknown,unknown,unknown,unknown
TV_153,ETH_BTP,ETHUSDT,short,2025-11-16 11:00:00,2025-11-16 12:00:00,0.6265999999999999,125.32,weekend,unknown,unknown_20251116,unknown,unknown,unknown,neutral,unknown,unknown,unknown,unknown,unknown,Short-A,unknown,unknown,unknown,unknown,unknown,unknown
TV_154,ETH_BTP,ETHUSDT,short,2025-11-16 11:00:00,2025-11-16 12:00:00,0.6944499999999999,138.89,weekend,unknown,unknown_20251116,unknown,unknown,unknown,neutral,unknown,unknown,unknown,unknown,unknown,Short-A,unknown,unknown,unknown,unknown,unknown,unknown
TV_156,ETH_BTP,ETHUSDT,short,2025-11-17 12:30:00,2025-11-17 14:00:00,0.62945,125.89,overlap,unknown,unknown_20251117,unknown,unknown,unknown,neutral,unknown,unknown,unknown,unknown,unknown,Short-A,unknown,unknown,unknown,unknown,unknown,unknown
TV_157,ETH_BTP,ETHUSDT,short,2025-11-17 12:30:00,2025-11-17 14:00:00,0.635,127.0,overlap,unknown,unknown_20251117,unknown,unknown,unknown,neutral,unknown,unknown,unknown,unknown,unknown,Short-A,unknown,unknown,unknown,unknown,unknown,unknown
TV_158,ETH_BTP,ETHUSDT,short,2025-11-18 18:00:00,2025-11-18 22:00:00,-0.050949999999999995,-10.19,NY,unknown,unknown_20251118,unknown,unknown,unknown,neutral,unknown,unknown,unknown,unknown,unknown,Short-A,unknown,unknown,unknown,unknown,unknown,unknown
TV_159,ETH_BTP,ETHUSDT,short,2025-11-23 00:00:00,2025-11-23 03:30:00,-1.2664499999999999,-253.29,weekend,unknown,unknown_20251123,unknown,unknown,unknown,neutral,unknown,unknown,unknown,unknown,unknown,Short-A,unknown,unknown,unknown,unknown,unknown,unknown
TV_160,ETH_BTP,ETHUSDT,short,2025-11-23 00:00:00,2025-11-23 03:30:00,-0.8443,-168.86,weekend,unknown,unknown_20251123,unknown,unknown,unknown,neutral,unknown,unknown,unknown,unknown,unknown,Short-A,unknown,unknown,unknown,unknown,unknown,unknown
TV_161,ETH_BTP,ETHUSDT,short,2025-11-23 00:00:00,2025-11-23 03:30:00,-2.5e-05,-0.005,weekend,unknown,unknown_20251123,unknown,unknown,unknown,neutral,unknown,unknown,unknown,unknown,unknown,Short-A,unknown,unknown,unknown,unknown,unknown,unknown
TV_162,ETH_BTP,ETHUSDT,short,2025-12-15 03:30:00,2025-12-15 07:30:00,-0.6365,-127.3,Asia,unknown,unknown_20251215,unknown,unknown,unknown,neutral,unknown,unknown,unknown,unknown,unknown,Short-A,unknown,unknown,unknown,unknown,unknown,unknown
TV_163,ETH_BTP,ETHUSDT,short,2025-12-18 15:30:00,2025-12-18 18:00:00,1.25505,251.01,overlap,unknown,unknown_20251218,unknown,unknown,unknown,neutral,unknown,unknown,unknown,unknown,unknown,Short-A,unknown,unknown,unknown,unknown,unknown,unknown
TV_164,ETH_BTP,ETHUSDT,short,2025-12-18 15:30:00,2025-12-18 18:00:00,1.59955,319.91,overlap,unknown,unknown_20251218,unknown,unknown,unknown,neutral,unknown,unknown,unknown,unknown,unknown,Short-A,unknown,unknown,unknown,unknown,unknown,unknown
TV_165,ETH_BTP,ETHUSDT,short,2025-12-18 15:30:00,2025-12-18 19:30:00,5e-05,0.01,overlap,unknown,unknown_20251218,unknown,unknown,unknown,neutral,unknown,unknown,unknown,unknown,unknown,Short-A,unknown,unknown,unknown,unknown,unknown,unknown
TV_167,ETH_BTP,ETHUSDT,short,2025-12-19 05:30:00,2025-12-19 08:00:00,-0.8461,-169.22,Asia,unknown,unknown_20251219,unknown,unknown,unknown,neutral,unknown,unknown,unknown,unknown,unknown,Short-A,unknown,unknown,unknown,unknown,unknown,unknown
TV_166,ETH_BTP,ETHUSDT,short,2025-12-19 05:30:00,2025-12-19 08:00:00,-1.2691,-253.82,Asia,unknown,unknown_20251219,unknown,unknown,unknown,neutral,unknown,unknown,unknown,unknown,unknown,Short-A,unknown,unknown,unknown,unknown,unknown,unknown
TV_168,ETH_BTP,ETHUSDT,short,2025-12-19 05:30:00,2025-12-19 08:00:00,-2e-05,-0.004,Asia,unknown,unknown_20251219,unknown,unknown,unknown,neutral,unknown,unknown,unknown,unknown,unknown,Short-A,unknown,unknown,unknown,unknown,unknown,unknown
TV_169,ETH_BTP,ETHUSDT,short,2025-12-20 22:00:00,2025-12-21 02:00:00,0.15085,30.17,weekend,unknown,unknown_20251220,unknown,unknown,unknown,neutral,unknown,unknown,unknown,unknown,unknown,Short-C,unknown,unknown,unknown,unknown,unknown,unknown
TV_170,ETH_BTP,ETHUSDT,long,2026-01-07 11:30:00,2026-01-07 15:30:00,-0.8714,-174.28,London,unknown,unknown_20260107,unknown,unknown,bullish,flow_driven,flat,unknown,positive,unknown,inflow,Long-A,unknown,unknown,unknown,unknown,unknown,unknown
TV_171,ETH_BTP,ETHUSDT,long,2026-01-15 04:30:00,2026-01-15 05:00:00,0.1929,38.58,Asia,unknown,unknown_20260115,unknown,unknown,bullish,flow_driven,flat,unknown,positive,unknown,inflow,Long-A,unknown,unknown,unknown,unknown,unknown,unknown
TV_172,ETH_BTP,ETHUSDT,long,2026-01-15 04:30:00,2026-01-15 08:30:00,0.4689,93.78,Asia,unknown,unknown_20260115,unknown,unknown,bullish,flow_driven,flat,unknown,positive,unknown,inflow,Long-A,unknown,unknown,unknown,unknown,unknown,unknown
TV_173,ETH_BTP,ETHUSDT,long,2026-01-15 19:00:00,2026-01-15 23:00:00,0.1307,26.14,NY,unknown,unknown_20260115,unknown,unknown,bullish,flow_driven,flat,unknown,positive,unknown,inflow,Long-A,unknown,unknown,unknown,unknown,unknown,unknown
TV_174,ETH_BTP,ETHUSDT,long,2026-01-16 06:00:00,2026-01-16 06:30:00,0.31285,62.57,Asia,unknown,unknown_20260116,unknown,unknown,bullish,neutral,flat,unknown,neutral,unknown,neutral,Long-A,unknown,unknown,unknown,unknown,unknown,unknown
TV_175,ETH_BTP,ETHUSDT,long,2026-01-16 06:00:00,2026-01-16 06:30:00,0.1729,34.58,Asia,unknown,unknown_20260116,unknown,unknown,bullish,neutral,flat,unknown,neutral,unknown,neutral,Long-A,unknown,unknown,unknown,unknown,unknown,unknown
TV_176,ETH_BTP,ETHUSDT,long,2026-01-16 06:00:00,2026-01-16 10:00:00,1e-05,0.002,Asia,unknown,unknown_20260116,unknown,unknown,bullish,neutral,flat,unknown,neutral,unknown,neutral,Long-A,unknown,unknown,unknown,unknown,unknown,unknown
TV_177,ETH_BTP,ETHUSDT,long,2026-01-16 17:00:00,2026-01-16 21:00:00,0.08985,17.97,NY,unknown,unknown_20260116,unknown,unknown,bullish,neutral,flat,unknown,neutral,unknown,neutral,Long-A,unknown,unknown,unknown,unknown,unknown,unknown
TV_178,ETH_BTP,ETHUSDT,short,2026-01-21 21:30:00,2026-01-22 00:00:00,0.4182,83.64,Off,unknown,unknown_20260121,unknown,unknown,bullish,flow_driven,flat,unknown,positive,unknown,outflow,Short-A,unknown,unknown,unknown,unknown,unknown,unknown
TV_179,ETH_BTP,ETHUSDT,short,2026-01-21 21:30:00,2026-01-22 01:30:00,0.30165,60.33,Off,unknown,unknown_20260121,unknown,unknown,bullish,flow_driven,flat,unknown,positive,unknown,outflow,Short-A,unknown,unknown,unknown,unknown,unknown,unknown
TV_181,ETH_BTP,ETHUSDT,short,2026-01-23 19:00:00,2026-01-23 20:30:00,0.5865,117.3,NY,unknown,unknown_20260123,unknown,unknown,bullish,flow_driven,flat,unknown,positive,unknown,inflow,Short-A,unknown,unknown,unknown,unknown,unknown,unknown
TV_182,ETH_BTP,ETHUSDT,short,2026-01-23 19:00:00,2026-01-23 23:00:00,2e-05,0.004,NY,unknown,unknown_20260123,unknown,unknown,bullish,flow_driven,flat,unknown,positive,unknown,inflow,Short-A,unknown,unknown,unknown,unknown,unknown,unknown
TV_180,ETH_BTP,ETHUSDT,short,2026-01-23 19:00:00,2026-01-23 20:00:00,0.62475,124.95,NY,unknown,unknown_20260123,unknown,unknown,bullish,flow_driven,flat,unknown,positive,unknown,inflow,Short-A,unknown,unknown,unknown,unknown,unknown,unknown
TV_185,ETH_BTP,ETHUSDT,short,2026-01-26 09:30:00,2026-01-26 13:30:00,5e-06,0.001,London,unknown,unknown_20260126,unknown,unknown,bullish,flow_driven,flat,unknown,positive,unknown,outflow,Short-A,unknown,unknown,unknown,unknown,unknown,unknown
TV_183,ETH_BTP,ETHUSDT,short,2026-01-26 09:30:00,2026-01-26 10:00:00,0.29495,58.99,London,unknown,unknown_20260126,unknown,unknown,bullish,flow_driven,flat,unknown,positive,unknown,outflow,Short-A,unknown,unknown,unknown,unknown,unknown,unknown
TV_184,ETH_BTP,ETHUSDT,short,2026-01-26 09:30:00,2026-01-26 13:00:00,-0.040650000000000006,-8.13,London,unknown,unknown_20260126,unknown,unknown,bullish,flow_driven,flat,unknown,positive,unknown,outflow,Short-A,unknown,unknown,unknown,unknown,unknown,unknown
TV_186,ETH_BTP,ETHUSDT,short,2026-01-26 16:00:00,2026-01-26 16:30:00,0.46704999999999997,93.41,NY,unknown,unknown_20260126,unknown,unknown,bullish,flow_driven,flat,unknown,positive,unknown,outflow,Short-A,unknown,unknown,unknown,unknown,unknown,unknown
TV_187,ETH_BTP,ETHUSDT,short,2026-01-26 16:00:00,2026-01-26 16:30:00,0.28225,56.45,NY,unknown,unknown_20260126,unknown,unknown,bullish,flow_driven,flat,unknown,positive,unknown,outflow,Short-A,unknown,unknown,unknown,unknown,unknown,unknown
TV_188,ETH_BTP,ETHUSDT,short,2026-01-26 16:00:00,2026-01-26 20:00:00,-5e-06,-0.001,NY,unknown,unknown_20260126,unknown,unknown,bullish,flow_driven,flat,unknown,positive,unknown,outflow,Short-A,unknown,unknown,unknown,unknown,unknown,unknown
TV_189,ETH_BTP,ETHUSDT,short,2026-01-26 20:30:00,2026-01-26 21:30:00,0.41119999999999995,82.24,NY,unknown,unknown_20260126,unknown,unknown,bullish,flow_driven,flat,unknown,positive,unknown,outflow,Short-A,unknown,unknown,unknown,unknown,unknown,unknown
TV_190,ETH_BTP,ETHUSDT,short,2026-01-26 20:30:00,2026-01-26 21:30:00,0.26745,53.49,NY,unknown,unknown_20260126,unknown,unknown,bullish,flow_driven,flat,unknown,positive,unknown,outflow,Short-A,unknown,unknown,unknown,unknown,unknown,unknown
TV_191,ETH_BTP,ETHUSDT,short,2026-01-26 20:30:00,2026-01-27 00:30:00,-5e-06,-0.001,NY,unknown,unknown_20260126,unknown,unknown,bullish,flow_driven,flat,unknown,positive,unknown,outflow,Short-A,unknown,unknown,unknown,unknown,unknown,unknown
TV_192,ETH_BTP,ETHUSDT,short,2026-01-27 18:00:00,2026-01-27 18:30:00,0.21969999999999998,43.94,NY,unknown,unknown_20260127,unknown,unknown,bullish,flow_driven,flat,unknown,neutral,unknown,inflow,Short-C,unknown,unknown,unknown,unknown,unknown,unknown
TV_193,ETH_BTP,ETHUSDT,short,2026-01-27 18:00:00,2026-01-27 19:00:00,0.26335000000000003,52.67,NY,unknown,unknown_20260127,unknown,unknown,bullish,flow_driven,flat,unknown,neutral,unknown,inflow,Short-C,unknown,unknown,unknown,unknown,unknown,unknown
TV_194,ETH_BTP,ETHUSDT,short,2026-01-27 18:00:00,2026-01-27 22:00:00,-5e-05,-0.01,NY,unknown,unknown_20260127,unknown,unknown,bullish,flow_driven,flat,unknown,neutral,unknown,inflow,Short-C,unknown,unknown,unknown,unknown,unknown,unknown
TV_195,ETH_BTP,ETHUSDT,short,2026-02-02 17:30:00,2026-02-02 19:00:00,0.3961,79.22,NY,unknown,unknown_20260202,unknown,unknown,bullish,flow_driven,flat,unknown,negative,unknown,inflow,Short-A,unknown,unknown,unknown,unknown,unknown,unknown
TV_196,ETH_BTP,ETHUSDT,short,2026-02-02 17:30:00,2026-02-02 19:30:00,-0.042350000000000006,-8.47,NY,unknown,unknown_20260202,unknown,unknown,bullish,flow_driven,flat,unknown,negative,unknown,inflow,Short-A,unknown,unknown,unknown,unknown,unknown,unknown
TV_197,ETH_BTP,ETHUSDT,short,2026-02-02 17:30:00,2026-02-02 22:00:00,1e-05,0.002,NY,unknown,unknown_20260202,unknown,unknown,bullish,flow_driven,flat,unknown,negative,unknown,inflow,Short-A,unknown,unknown,unknown,unknown,unknown,unknown
TV_198,ETH_BTP,ETHUSDT,short,2026-02-06 18:30:00,2026-02-06 22:30:00,0.5686,113.72,NY,unknown,unknown_20260206,unknown,unknown,bullish,flow_driven,flat,unknown,negative,unknown,inflow,Short-A,unknown,unknown,unknown,unknown,unknown,unknown
TV_199,ETH_BTP,ETHUSDT,short,2026-02-07 05:30:00,2026-02-07 08:00:00,1.9782,395.64,weekend,unknown,unknown_20260207,unknown,unknown,bullish,flow_driven,flat,unknown,negative,unknown,inflow,Short-A,unknown,unknown,unknown,unknown,unknown,unknown
TV_200,ETH_BTP,ETHUSDT,short,2026-02-07 05:30:00,2026-02-07 08:00:00,1.2719,254.38,weekend,unknown,unknown_20260207,unknown,unknown,bullish,flow_driven,flat,unknown,negative,unknown,inflow,Short-A,unknown,unknown,unknown,unknown,unknown,unknown
TV_201,ETH_BTP,ETHUSDT,short,2026-02-07 05:30:00,2026-02-07 09:30:00,5e-05,0.01,weekend,unknown,unknown_20260207,unknown,unknown,bullish,flow_driven,flat,unknown,negative,unknown,inflow,Short-A,unknown,unknown,unknown,unknown,unknown,unknown
TV_202,ETH_BTP,ETHUSDT,short,2026-02-07 20:00:00,2026-02-08 00:00:00,0.53215,106.43,weekend,unknown,unknown_20260207,unknown,unknown,bullish,flow_driven,flat,unknown,negative,unknown,inflow,Short-A,unknown,unknown,unknown,unknown,unknown,unknown
TV_203,ETH_BTP,ETHUSDT,short,2026-02-08 10:00:00,2026-02-08 10:30:00,0.2713,54.26,weekend,unknown,unknown_20260208,unknown,unknown,bullish,flow_driven,flat,unknown,negative,unknown,inflow,Short-C,unknown,unknown,unknown,unknown,unknown,unknown
TV_204,ETH_BTP,ETHUSDT,short,2026-02-08 10:00:00,2026-02-08 11:00:00,-0.046150000000000004,-9.23,weekend,unknown,unknown_20260208,unknown,unknown,bullish,flow_driven,flat,unknown,negative,unknown,inflow,Short-C,unknown,unknown,unknown,unknown,unknown,unknown
TV_205,ETH_BTP,ETHUSDT,short,2026-02-08 10:00:00,2026-02-08 14:00:00,-1.5e-05,-0.003,weekend,unknown,unknown_20260208,unknown,unknown,bullish,flow_driven,flat,unknown,negative,unknown,inflow,Short-C,unknown,unknown,unknown,unknown,unknown,unknown
TV_206,ETH_BTP,ETHUSDT,short,2026-02-09 19:00:00,2026-02-09 22:30:00,0.8275,165.5,NY,unknown,unknown_20260209,unknown,unknown,bullish,flow_driven,flat,unknown,negative,unknown,inflow,Short-C,unknown,unknown,unknown,unknown,unknown,unknown
TV_207,ETH_BTP,ETHUSDT,short,2026-02-09 19:00:00,2026-02-09 22:30:00,-0.17620000000000002,-35.24,NY,unknown,unknown_20260209,unknown,unknown,bullish,flow_driven,flat,unknown,negative,unknown,inflow,Short-C,unknown,unknown,unknown,unknown,unknown,unknown
TV_208,ETH_BTP,ETHUSDT,short,2026-02-09 19:00:00,2026-02-10 00:30:00,5e-06,0.001,NY,unknown,unknown_20260209,unknown,unknown,bullish,flow_driven,flat,unknown,negative,unknown,inflow,Short-C,unknown,unknown,unknown,unknown,unknown,unknown
TV_209,ETH_BTP,ETHUSDT,short,2026-02-12 12:30:00,2026-02-12 13:30:00,0.39535,79.07,overlap,unknown,unknown_20260212,unknown,unknown,bullish,flow_driven,flat,unknown,negative,unknown,inflow,Short-A,unknown,unknown,unknown,unknown,unknown,unknown
TV_210,ETH_BTP,ETHUSDT,short,2026-02-12 12:30:00,2026-02-12 14:00:00,0.26735,53.47,overlap,unknown,unknown_20260212,unknown,unknown,bullish,flow_driven,flat,unknown,negative,unknown,inflow,Short-A,unknown,unknown,unknown,unknown,unknown,unknown
TV_211,ETH_BTP,ETHUSDT,short,2026-02-12 12:30:00,2026-02-12 16:30:00,2e-05,0.004,overlap,unknown,unknown_20260212,unknown,unknown,bullish,flow_driven,flat,unknown,negative,unknown,inflow,Short-A,unknown,unknown,unknown,unknown,unknown,unknown
TV_214,ETH_BTP,ETHUSDT,short,2026-02-13 10:00:00,2026-02-13 14:00:00,-5e-06,-0.001,London,unknown,unknown_20260213,unknown,unknown,bullish,flow_driven,flat,unknown,negative,unknown,inflow,Short-A,unknown,unknown,unknown,unknown,unknown,unknown
TV_212,ETH_BTP,ETHUSDT,short,2026-02-13 10:00:00,2026-02-13 12:30:00,0.24555,49.11,London,unknown,unknown_20260213,unknown,unknown,bullish,flow_driven,flat,unknown,negative,unknown,inflow,Short-A,unknown,unknown,unknown,unknown,unknown,unknown
TV_213,ETH_BTP,ETHUSDT,short,2026-02-13 10:00:00,2026-02-13 13:00:00,-0.04735,-9.47,London,unknown,unknown_20260213,unknown,unknown,bullish,flow_driven,flat,unknown,negative,unknown,inflow,Short-A,unknown,unknown,unknown,unknown,unknown,unknown
TV_215,ETH_BTP,ETHUSDT,short,2026-02-18 09:30:00,2026-02-18 11:30:00,0.72745,145.49,London,unknown,unknown_20260218,unknown,unknown,bullish,flow_driven,flat,unknown,negative,unknown,inflow,Short-C,unknown,unknown,unknown,unknown,unknown,unknown
TV_216,ETH_BTP,ETHUSDT,short,2026-02-18 09:30:00,2026-02-18 11:30:00,0.50075,100.15,London,unknown,unknown_20260218,unknown,unknown,bullish,flow_driven,flat,unknown,negative,unknown,inflow,Short-C,unknown,unknown,unknown,unknown,unknown,unknown
TV_217,ETH_BTP,ETHUSDT,short,2026-02-18 09:30:00,2026-02-18 13:30:00,2e-05,0.004,London,unknown,unknown_20260218,unknown,unknown,bullish,flow_driven,flat,unknown,negative,unknown,inflow,Short-C,unknown,unknown,unknown,unknown,unknown,unknown
TV_218,ETH_BTP,ETHUSDT,short,2026-02-21 12:30:00,2026-02-21 16:30:00,-0.7836,-156.72,weekend,unknown,unknown_20260221,unknown,unknown,bullish,flow_driven,flat,unknown,negative,unknown,inflow,Short-C,unknown,unknown,unknown,unknown,unknown,unknown
TV_219,ETH_BTP,ETHUSDT,short,2026-02-25 03:30:00,2026-02-25 05:00:00,0.74995,149.99,Asia,unknown,unknown_20260225,unknown,unknown,bullish,flow_driven,flat,unknown,negative,unknown,inflow,Short-C,unknown,unknown,unknown,unknown,unknown,unknown
TV_220,ETH_BTP,ETHUSDT,short,2026-02-25 03:30:00,2026-02-25 07:30:00,0.84375,168.75,Asia,unknown,unknown_20260225,unknown,unknown,bullish,flow_driven,flat,unknown,negative,unknown,inflow,Short-C,unknown,unknown,unknown,unknown,unknown,unknown
TV_221,ETH_BTP,ETHUSDT,short,2026-03-09 04:30:00,2026-03-09 08:30:00,-0.5146999999999999,-102.94,Asia,unknown,unknown_20260309,unknown,unknown,bullish,flow_driven,flat,unknown,negative,unknown,inflow,Short-A,unknown,unknown,unknown,unknown,unknown,unknown
TV_222,ETH_BTP,ETHUSDT,short,2026-03-28 16:00:00,2026-03-28 20:00:00,0.36225,72.45,weekend,unknown,unknown_20260328,unknown,unknown,bullish,flow_driven,flat,unknown,negative,unknown,inflow,Short-A,unknown,unknown,unknown,unknown,unknown,unknown
TV_225,ETH_BTP,ETHUSDT,short,2026-03-31 17:00:00,2026-03-31 18:30:00,-1.5e-05,-0.003,NY,unknown,unknown_20260331,unknown,unknown,bullish,flow_driven,flat,unknown,negative,unknown,inflow,Short-C,unknown,unknown,unknown,unknown,unknown,unknown
TV_224,ETH_BTP,ETHUSDT,short,2026-03-31 17:00:00,2026-03-31 18:30:00,-1.05195,-210.39,NY,unknown,unknown_20260331,unknown,unknown,bullish,flow_driven,flat,unknown,negative,unknown,inflow,Short-C,unknown,unknown,unknown,unknown,unknown,unknown
TV_223,ETH_BTP,ETHUSDT,short,2026-03-31 17:00:00,2026-03-31 18:30:00,-1.57795,-315.59,NY,unknown,unknown_20260331,unknown,unknown,bullish,flow_driven,flat,unknown,negative,unknown,inflow,Short-C,unknown,unknown,unknown,unknown,unknown,unknown
TV_226,ETH_BTP,ETHUSDT,long,2026-04-09 02:00:00,2026-04-09 06:00:00,-0.4818,-96.36,Asia,unknown,unknown_20260409,unknown,unknown,bullish,flow_driven,flat,unknown,negative,unknown,inflow,Long-A,unknown,unknown,unknown,unknown,unknown,unknown
TV_227,ETH_BTP,ETHUSDT,long,2026-04-09 16:30:00,2026-04-09 17:00:00,0.23245000000000002,46.49,NY,unknown,unknown_20260409,unknown,unknown,bullish,flow_driven,flat,unknown,negative,unknown,inflow,Long-A,unknown,unknown,unknown,unknown,unknown,unknown
TV_228,ETH_BTP,ETHUSDT,long,2026-04-09 16:30:00,2026-04-09 17:00:00,0.09574999999999999,19.15,NY,unknown,unknown_20260409,unknown,unknown,bullish,flow_driven,flat,unknown,negative,unknown,inflow,Long-A,unknown,unknown,unknown,unknown,unknown,unknown
TV_229,ETH_BTP,ETHUSDT,long,2026-04-09 16:30:00,2026-04-09 20:30:00,1.5e-05,0.003,NY,unknown,unknown_20260409,unknown,unknown,bullish,flow_driven,flat,unknown,negative,unknown,inflow,Long-A,unknown,unknown,unknown,unknown,unknown,unknown
TV_230,ETH_BTP,ETHUSDT,long,2026-04-12 04:30:00,2026-04-12 08:30:00,-0.50325,-100.65,weekend,unknown,unknown_20260412,unknown,unknown,bullish,flow_driven,flat,unknown,negative,unknown,inflow,Long-A,unknown,unknown,unknown,unknown,unknown,unknown
TV_231,ETH_BTP,ETHUSDT,long,2026-04-16 16:30:00,2026-04-16 17:30:00,0.8090999999999999,161.82,NY,unknown,unknown_20260416,unknown,unknown,bullish,flow_driven,flat,unknown,negative,unknown,inflow,Long-A,unknown,unknown,unknown,unknown,unknown,unknown
TV_232,ETH_BTP,ETHUSDT,long,2026-04-16 16:30:00,2026-04-16 17:30:00,0.5384,107.68,NY,unknown,unknown_20260416,unknown,unknown,bullish,flow_driven,flat,unknown,negative,unknown,inflow,Long-A,unknown,unknown,unknown,unknown,unknown,unknown
TV_233,ETH_BTP,ETHUSDT,long,2026-04-17 05:00:00,2026-04-17 09:00:00,0.23495000000000002,46.99,Asia,unknown,unknown_20260417,unknown,unknown,bullish,flow_driven,flat,unknown,negative,unknown,inflow,Long-A,unknown,unknown,unknown,unknown,unknown,unknown
TV_234,ETH_BTP,ETHUSDT,long,2026-04-17 05:00:00,2026-04-17 09:30:00,0.07405,14.81,Asia,unknown,unknown_20260417,unknown,unknown,bullish,flow_driven,flat,unknown,negative,unknown,inflow,Long-A,unknown,unknown,unknown,unknown,unknown,unknown
TV_235,ETH_BTP,ETHUSDT,long,2026-04-18 11:30:00,2026-04-18 15:30:00,-1.1558,-231.16,weekend,unknown,unknown_20260418,unknown,unknown,bullish,flow_driven,flat,unknown,negative,unknown,inflow,Long-A,unknown,unknown,unknown,unknown,unknown,unknown
TV_236,ETH_BTP,ETHUSDT,long,2026-04-19 09:30:00,2026-04-19 13:30:00,0.5596,111.92,weekend,unknown,unknown_20260419,unknown,unknown,bullish,flow_driven,flat,unknown,negative,unknown,inflow,Long-C,unknown,unknown,unknown,unknown,unknown,unknown
TV_238,ETH_BTP,ETHUSDT,long,2026-04-20 17:00:00,2026-04-20 20:00:00,0.1678,33.56,NY,unknown,unknown_20260420,unknown,unknown,bullish,flow_driven,flat,unknown,negative,unknown,inflow,Long-B,unknown,unknown,unknown,unknown,unknown,unknown
TV_239,ETH_BTP,ETHUSDT,long,2026-04-20 17:00:00,2026-04-20 21:00:00,5e-06,0.001,NY,unknown,unknown_20260420,unknown,unknown,bullish,flow_driven,flat,unknown,negative,unknown,inflow,Long-B,unknown,unknown,unknown,unknown,unknown,unknown
TV_237,ETH_BTP,ETHUSDT,long,2026-04-20 17:00:00,2026-04-20 20:00:00,0.22145,44.29,NY,unknown,unknown_20260420,unknown,unknown,bullish,flow_driven,flat,unknown,negative,unknown,inflow,Long-B,unknown,unknown,unknown,unknown,unknown,unknown
TV_241,ETH_BTP,ETHUSDT,long,2026-04-21 15:30:00,2026-04-21 16:30:00,0.08715,17.43,overlap,unknown,unknown_20260421,unknown,unknown,bullish,flow_driven,flat,unknown,negative,unknown,inflow,Long-C,unknown,unknown,unknown,unknown,unknown,unknown
TV_242,ETH_BTP,ETHUSDT,long,2026-04-21 15:30:00,2026-04-21 19:30:00,-5e-06,-0.001,overlap,unknown,unknown_20260421,unknown,unknown,bullish,flow_driven,flat,unknown,negative,unknown,inflow,Long-C,unknown,unknown,unknown,unknown,unknown,unknown
TV_240,ETH_BTP,ETHUSDT,long,2026-04-21 15:30:00,2026-04-21 16:00:00,0.2735,54.7,overlap,unknown,unknown_20260421,unknown,unknown,bullish,flow_driven,flat,unknown,negative,unknown,inflow,Long-C,unknown,unknown,unknown,unknown,unknown,unknown
TV_243,ETH_BTP,ETHUSDT,long,2026-04-23 04:30:00,2026-04-23 08:30:00,0.0055000000000000005,1.1,Asia,unknown,unknown_20260423,unknown,unknown,bullish,flow_driven,flat,unknown,negative,unknown,inflow,Long-A,unknown,unknown,unknown,unknown,unknown,unknown
